User ID,Instagram visit score,Spending_rank(0 to 100)
0,63,24.05070845
1,61,25.22329005
2,104,18.52824526
3,82,86.89023241
4,14,31.49239692
5,74,81.19531414
6,83,88.11972945
7,71,87.4683564
8,42,80.829564
9,79,25.96662164
10,94,24.46567368
11,30,30.97504081
12,62,23.93688398
13,19,14.21656395
14,36,23.46131302
15,17,22.40513668
